file1,file2,section,metric,hash1,hash2
ls_default1_recompile,rm_default3,full,0,12288:WMfSjiteHstbNX8pr16juEP2VJTgkCogjueY/kxybS/H:WMfSCBbNsnsSU9j1,3072:V4GGJsJ74DbwTPaiaj+KXhAlk1iR3Pj9KlkrCN+U3AuIMICUc0u7r:SGRJ74DcdDlzFj0lkrUIMIxcH7r
ls_default1_recompile.text,rm_default3.text,text,0,1536:qva5SrzHf4fG2AFUi5giHzo0rb1beN4cuUM14B+RRJYttFLW:2a8rzHfd2Xi5giHzndbeycuUM1E+Iy,768:Ob49abGkKm3vKS9+a4NJikMhV5LWBvO34nJo4DU:Ob4GGkKeKS9+hNJirVsGOJo4DU
ls_default1_recompile.data,rm_default3.data,data,0,12:sL4yOXEXsmtm8XMqqAMeEi4W836AjMOUl:s7OXErm8MqqAMeEi4W83d0,3:llF//OslNl0l9UlUln:F/RsCUl
ls_default1_recompile.rodata,rm_default3.rodata,rodata,0,384:KS0EsI2NAwKTRF3ibxLj9wUGc3czFCtEKhfB4xNRTiqbo4K:KS0RvN0qbxLj9wUGc3cwBwdiqbo4K,96:oWoWCuTISfPDnOMtP3xVHVxQJN0vVTiqboXyXPl:voZgrltvx9VuJN0TiqboiN
ls_default1_recompile,ls_default3_recompile,full,61,12288:WMfSjiteHstbNX8pr16juEP2VJTgkCogjueY/kxybS/H:WMfSCBbNsnsSU9j1,12288:0MfSjiteHstbNX+BwCmoFehlZTg8Cog0ItS/kxybS/H:0MfSCBbNuXmFU90a
ls_default1_recompile.text,ls_default3_recompile.text,text,100,1536:qva5SrzHf4fG2AFUi5giHzo0rb1beN4cuUM14B+RRJYttFLW:2a8rzHfd2Xi5giHzndbeycuUM1E+Iy,1536:qva5SrzHf4fG2AFUi5giHzo0rb1beN4cuUM14B+RRJYttFLW:2a8rzHfd2Xi5giHzndbeycuUM1E+Iy
ls_default1_recompile.data,ls_default3_recompile.data,data,100,12:sL4yOXEXsmtm8XMqqAMeEi4W836AjMOUl:s7OXErm8MqqAMeEi4W83d0,12:sL4yOXEXsmtm8XMqqAMeEi4W836AjMOUl:s7OXErm8MqqAMeEi4W83d0
ls_default1_recompile.rodata,ls_default3_recompile.rodata,rodata,100,384:KS0EsI2NAwKTRF3ibxLj9wUGc3czFCtEKhfB4xNRTiqbo4K:KS0RvN0qbxLj9wUGc3cwBwdiqbo4K,384:KS0EsI2NAwKTRF3ibxLj9wUGc3czFCtEKhfB4xNRTiqbo4K:KS0RvN0qbxLj9wUGc3cwBwdiqbo4K
ls_default1_recompile,ls_default1,full,100,12288:WMfSjiteHstbNX8pr16juEP2VJTgkCogjueY/kxybS/H:WMfSCBbNsnsSU9j1,12288:WMfSjiteHstbNX8pr16juEP2VJTgkCogjueY/kxybS/H:WMfSCBbNsnsSU9j1
ls_default1_recompile.text,ls_default1.text,text,100,1536:qva5SrzHf4fG2AFUi5giHzo0rb1beN4cuUM14B+RRJYttFLW:2a8rzHfd2Xi5giHzndbeycuUM1E+Iy,1536:qva5SrzHf4fG2AFUi5giHzo0rb1beN4cuUM14B+RRJYttFLW:2a8rzHfd2Xi5giHzndbeycuUM1E+Iy
ls_default1_recompile.data,ls_default1.data,data,100,12:sL4yOXEXsmtm8XMqqAMeEi4W836AjMOUl:s7OXErm8MqqAMeEi4W83d0,12:sL4yOXEXsmtm8XMqqAMeEi4W836AjMOUl:s7OXErm8MqqAMeEi4W83d0
ls_default1_recompile.rodata,ls_default1.rodata,rodata,100,384:KS0EsI2NAwKTRF3ibxLj9wUGc3czFCtEKhfB4xNRTiqbo4K:KS0RvN0qbxLj9wUGc3cwBwdiqbo4K,384:KS0EsI2NAwKTRF3ibxLj9wUGc3czFCtEKhfB4xNRTiqbo4K:KS0RvN0qbxLj9wUGc3cwBwdiqbo4K
ls_default1_recompile,ls_default2,full,65,12288:WMfSjiteHstbNX8pr16juEP2VJTgkCogjueY/kxybS/H:WMfSCBbNsnsSU9j1,12288:6MfSjiteHstbNXcHu5kJZ50XLlTgfCog44tM/kxybS/H:6MfSCBbNsgIK594e
ls_default1_recompile.text,ls_default2.text,text,100,1536:qva5SrzHf4fG2AFUi5giHzo0rb1beN4cuUM14B+RRJYttFLW:2a8rzHfd2Xi5giHzndbeycuUM1E+Iy,1536:qva5SrzHf4fG2AFUi5giHzo0rb1beN4cuUM14B+RRJYttFLW:2a8rzHfd2Xi5giHzndbeycuUM1E+Iy
ls_default1_recompile.data,ls_default2.data,data,100,12:sL4yOXEXsmtm8XMqqAMeEi4W836AjMOUl:s7OXErm8MqqAMeEi4W83d0,12:sL4yOXEXsmtm8XMqqAMeEi4W836AjMOUl:s7OXErm8MqqAMeEi4W83d0
ls_default1_recompile.rodata,ls_default2.rodata,rodata,100,384:KS0EsI2NAwKTRF3ibxLj9wUGc3czFCtEKhfB4xNRTiqbo4K:KS0RvN0qbxLj9wUGc3cwBwdiqbo4K,384:KS0EsI2NAwKTRF3ibxLj9wUGc3czFCtEKhfB4xNRTiqbo4K:KS0RvN0qbxLj9wUGc3cwBwdiqbo4K
ls_default1_recompile,ls_default2_recompile,full,65,12288:WMfSjiteHstbNX8pr16juEP2VJTgkCogjueY/kxybS/H:WMfSCBbNsnsSU9j1,12288:6MfSjiteHstbNXcHu5kJZ50XLlTgfCog44tM/kxybS/H:6MfSCBbNsgIK594e
ls_default1_recompile.text,ls_default2_recompile.text,text,100,1536:qva5SrzHf4fG2AFUi5giHzo0rb1beN4cuUM14B+RRJYttFLW:2a8rzHfd2Xi5giHzndbeycuUM1E+Iy,1536:qva5SrzHf4fG2AFUi5giHzo0rb1beN4cuUM14B+RRJYttFLW:2a8rzHfd2Xi5giHzndbeycuUM1E+Iy
ls_default1_recompile.data,ls_default2_recompile.data,data,100,12:sL4yOXEXsmtm8XMqqAMeEi4W836AjMOUl:s7OXErm8MqqAMeEi4W83d0,12:sL4yOXEXsmtm8XMqqAMeEi4W836AjMOUl:s7OXErm8MqqAMeEi4W83d0
ls_default1_recompile.rodata,ls_default2_recompile.rodata,rodata,100,384:KS0EsI2NAwKTRF3ibxLj9wUGc3czFCtEKhfB4xNRTiqbo4K:KS0RvN0qbxLj9wUGc3cwBwdiqbo4K,384:KS0EsI2NAwKTRF3ibxLj9wUGc3czFCtEKhfB4xNRTiqbo4K:KS0RvN0qbxLj9wUGc3cwBwdiqbo4K
ls_default1_recompile,rm_default2,full,0,12288:WMfSjiteHstbNX8pr16juEP2VJTgkCogjueY/kxybS/H:WMfSCBbNsnsSU9j1,3072:S4GGJsJ74DbwNPThq87CepOaH+iR3PanKlkrCN+U3AuIMICUc0u7r:BGRJ74DcDeazFaKlkrUIMIxcH7r
ls_default1_recompile.text,rm_default2.text,text,0,1536:qva5SrzHf4fG2AFUi5giHzo0rb1beN4cuUM14B+RRJYttFLW:2a8rzHfd2Xi5giHzndbeycuUM1E+Iy,768:Ob49abGkKm3vKS9+a4NJikMhV5LWBvO34nJo4DU:Ob4GGkKeKS9+hNJirVsGOJo4DU
ls_default1_recompile.data,rm_default2.data,data,0,12:sL4yOXEXsmtm8XMqqAMeEi4W836AjMOUl:s7OXErm8MqqAMeEi4W83d0,3:llF//OslNl0l9UlUln:F/RsCUl
ls_default1_recompile.rodata,rm_default2.rodata,rodata,0,384:KS0EsI2NAwKTRF3ibxLj9wUGc3czFCtEKhfB4xNRTiqbo4K:KS0RvN0qbxLj9wUGc3cwBwdiqbo4K,96:oWoWCuTISfPDnOMtP3xVHVxQJN0vVTiqboXyXPl:voZgrltvx9VuJN0TiqboiN
ls_default1_recompile,rm_default1,full,0,12288:WMfSjiteHstbNX8pr16juEP2VJTgkCogjueY/kxybS/H:WMfSCBbNsnsSU9j1,3072:G4GGJsJ74DbwGPMgN67U26x9BA0EiR3PlnKKxFmN+U3AuIMICUc0u7r:9GRJ74DcMT9rFlKKxFIIMIxcH7r
ls_default1_recompile.text,rm_default1.text,text,0,1536:qva5SrzHf4fG2AFUi5giHzo0rb1beN4cuUM14B+RRJYttFLW:2a8rzHfd2Xi5giHzndbeycuUM1E+Iy,768:Ob49abGkKm3vKS9+a4NJikMhV5LWBvO34nJo4DU:Ob4GGkKeKS9+hNJirVsGOJo4DU
ls_default1_recompile.data,rm_default1.data,data,0,12:sL4yOXEXsmtm8XMqqAMeEi4W836AjMOUl:s7OXErm8MqqAMeEi4W83d0,3:llF//OslNl0l9UlUln:F/RsCUl
ls_default1_recompile.rodata,rm_default1.rodata,rodata,0,384:KS0EsI2NAwKTRF3ibxLj9wUGc3czFCtEKhfB4xNRTiqbo4K:KS0RvN0qbxLj9wUGc3cwBwdiqbo4K,96:oWoWCuTISfPDnOMtP3xVHVxQJN0vVTiqboXyXPl:voZgrltvx9VuJN0TiqboiN
ls_default1_recompile,ls_default3,full,61,12288:WMfSjiteHstbNX8pr16juEP2VJTgkCogjueY/kxybS/H:WMfSCBbNsnsSU9j1,12288:0MfSjiteHstbNX+BwCmoFehlZTg8Cog0ItS/kxybS/H:0MfSCBbNuXmFU90a
ls_default1_recompile.text,ls_default3.text,text,100,1536:qva5SrzHf4fG2AFUi5giHzo0rb1beN4cuUM14B+RRJYttFLW:2a8rzHfd2Xi5giHzndbeycuUM1E+Iy,1536:qva5SrzHf4fG2AFUi5giHzo0rb1beN4cuUM14B+RRJYttFLW:2a8rzHfd2Xi5giHzndbeycuUM1E+Iy
ls_default1_recompile.data,ls_default3.data,data,100,12:sL4yOXEXsmtm8XMqqAMeEi4W836AjMOUl:s7OXErm8MqqAMeEi4W83d0,12:sL4yOXEXsmtm8XMqqAMeEi4W836AjMOUl:s7OXErm8MqqAMeEi4W83d0
ls_default1_recompile.rodata,ls_default3.rodata,rodata,100,384:KS0EsI2NAwKTRF3ibxLj9wUGc3czFCtEKhfB4xNRTiqbo4K:KS0RvN0qbxLj9wUGc3cwBwdiqbo4K,384:KS0EsI2NAwKTRF3ibxLj9wUGc3czFCtEKhfB4xNRTiqbo4K:KS0RvN0qbxLj9wUGc3cwBwdiqbo4K
rm_default3.rodata,ls_default3_recompile.rodata,rodata,0,96:oWoWCuTISfPDnOMtP3xVHVxQJN0vVTiqboXyXPl:voZgrltvx9VuJN0TiqboiN,384:KS0EsI2NAwKTRF3ibxLj9wUGc3czFCtEKhfB4xNRTiqbo4K:KS0RvN0qbxLj9wUGc3cwBwdiqbo4K
rm_default3,ls_default3_recompile,full,0,3072:V4GGJsJ74DbwTPaiaj+KXhAlk1iR3Pj9KlkrCN+U3AuIMICUc0u7r:SGRJ74DcdDlzFj0lkrUIMIxcH7r,12288:0MfSjiteHstbNX+BwCmoFehlZTg8Cog0ItS/kxybS/H:0MfSCBbNuXmFU90a
rm_default3.data,ls_default3_recompile.data,data,0,3:llF//OslNl0l9UlUln:F/RsCUl,12:sL4yOXEXsmtm8XMqqAMeEi4W836AjMOUl:s7OXErm8MqqAMeEi4W83d0
rm_default3.text,ls_default3_recompile.text,text,0,768:Ob49abGkKm3vKS9+a4NJikMhV5LWBvO34nJo4DU:Ob4GGkKeKS9+hNJirVsGOJo4DU,1536:qva5SrzHf4fG2AFUi5giHzo0rb1beN4cuUM14B+RRJYttFLW:2a8rzHfd2Xi5giHzndbeycuUM1E+Iy
rm_default3.rodata,ls_default1.rodata,rodata,0,96:oWoWCuTISfPDnOMtP3xVHVxQJN0vVTiqboXyXPl:voZgrltvx9VuJN0TiqboiN,384:KS0EsI2NAwKTRF3ibxLj9wUGc3czFCtEKhfB4xNRTiqbo4K:KS0RvN0qbxLj9wUGc3cwBwdiqbo4K
rm_default3,ls_default1,full,0,3072:V4GGJsJ74DbwTPaiaj+KXhAlk1iR3Pj9KlkrCN+U3AuIMICUc0u7r:SGRJ74DcdDlzFj0lkrUIMIxcH7r,12288:WMfSjiteHstbNX8pr16juEP2VJTgkCogjueY/kxybS/H:WMfSCBbNsnsSU9j1
rm_default3.data,ls_default1.data,data,0,3:llF//OslNl0l9UlUln:F/RsCUl,12:sL4yOXEXsmtm8XMqqAMeEi4W836AjMOUl:s7OXErm8MqqAMeEi4W83d0
rm_default3.text,ls_default1.text,text,0,768:Ob49abGkKm3vKS9+a4NJikMhV5LWBvO34nJo4DU:Ob4GGkKeKS9+hNJirVsGOJo4DU,1536:qva5SrzHf4fG2AFUi5giHzo0rb1beN4cuUM14B+RRJYttFLW:2a8rzHfd2Xi5giHzndbeycuUM1E+Iy
rm_default3.rodata,ls_default2.rodata,rodata,0,96:oWoWCuTISfPDnOMtP3xVHVxQJN0vVTiqboXyXPl:voZgrltvx9VuJN0TiqboiN,384:KS0EsI2NAwKTRF3ibxLj9wUGc3czFCtEKhfB4xNRTiqbo4K:KS0RvN0qbxLj9wUGc3cwBwdiqbo4K
rm_default3,ls_default2,full,0,3072:V4GGJsJ74DbwTPaiaj+KXhAlk1iR3Pj9KlkrCN+U3AuIMICUc0u7r:SGRJ74DcdDlzFj0lkrUIMIxcH7r,12288:6MfSjiteHstbNXcHu5kJZ50XLlTgfCog44tM/kxybS/H:6MfSCBbNsgIK594e
rm_default3.data,ls_default2.data,data,0,3:llF//OslNl0l9UlUln:F/RsCUl,12:sL4yOXEXsmtm8XMqqAMeEi4W836AjMOUl:s7OXErm8MqqAMeEi4W83d0
rm_default3.text,ls_default2.text,text,0,768:Ob49abGkKm3vKS9+a4NJikMhV5LWBvO34nJo4DU:Ob4GGkKeKS9+hNJirVsGOJo4DU,1536:qva5SrzHf4fG2AFUi5giHzo0rb1beN4cuUM14B+RRJYttFLW:2a8rzHfd2Xi5giHzndbeycuUM1E+Iy
rm_default3.rodata,ls_default2_recompile.rodata,rodata,0,96:oWoWCuTISfPDnOMtP3xVHVxQJN0vVTiqboXyXPl:voZgrltvx9VuJN0TiqboiN,384:KS0EsI2NAwKTRF3ibxLj9wUGc3czFCtEKhfB4xNRTiqbo4K:KS0RvN0qbxLj9wUGc3cwBwdiqbo4K
rm_default3,ls_default2_recompile,full,0,3072:V4GGJsJ74DbwTPaiaj+KXhAlk1iR3Pj9KlkrCN+U3AuIMICUc0u7r:SGRJ74DcdDlzFj0lkrUIMIxcH7r,12288:6MfSjiteHstbNXcHu5kJZ50XLlTgfCog44tM/kxybS/H:6MfSCBbNsgIK594e
rm_default3.data,ls_default2_recompile.data,data,0,3:llF//OslNl0l9UlUln:F/RsCUl,12:sL4yOXEXsmtm8XMqqAMeEi4W836AjMOUl:s7OXErm8MqqAMeEi4W83d0
rm_default3.text,ls_default2_recompile.text,text,0,768:Ob49abGkKm3vKS9+a4NJikMhV5LWBvO34nJo4DU:Ob4GGkKeKS9+hNJirVsGOJo4DU,1536:qva5SrzHf4fG2AFUi5giHzo0rb1beN4cuUM14B+RRJYttFLW:2a8rzHfd2Xi5giHzndbeycuUM1E+Iy
rm_default3.rodata,rm_default2.rodata,rodata,100,96:oWoWCuTISfPDnOMtP3xVHVxQJN0vVTiqboXyXPl:voZgrltvx9VuJN0TiqboiN,96:oWoWCuTISfPDnOMtP3xVHVxQJN0vVTiqboXyXPl:voZgrltvx9VuJN0TiqboiN
rm_default3,rm_default2,full,83,3072:V4GGJsJ74DbwTPaiaj+KXhAlk1iR3Pj9KlkrCN+U3AuIMICUc0u7r:SGRJ74DcdDlzFj0lkrUIMIxcH7r,3072:S4GGJsJ74DbwNPThq87CepOaH+iR3PanKlkrCN+U3AuIMICUc0u7r:BGRJ74DcDeazFaKlkrUIMIxcH7r
rm_default3.data,rm_default2.data,data,100,3:llF//OslNl0l9UlUln:F/RsCUl,3:llF//OslNl0l9UlUln:F/RsCUl
rm_default3.text,rm_default2.text,text,100,768:Ob49abGkKm3vKS9+a4NJikMhV5LWBvO34nJo4DU:Ob4GGkKeKS9+hNJirVsGOJo4DU,768:Ob49abGkKm3vKS9+a4NJikMhV5LWBvO34nJo4DU:Ob4GGkKeKS9+hNJirVsGOJo4DU
rm_default3.rodata,rm_default1.rodata,rodata,100,96:oWoWCuTISfPDnOMtP3xVHVxQJN0vVTiqboXyXPl:voZgrltvx9VuJN0TiqboiN,96:oWoWCuTISfPDnOMtP3xVHVxQJN0vVTiqboXyXPl:voZgrltvx9VuJN0TiqboiN
rm_default3,rm_default1,full,65,3072:V4GGJsJ74DbwTPaiaj+KXhAlk1iR3Pj9KlkrCN+U3AuIMICUc0u7r:SGRJ74DcdDlzFj0lkrUIMIxcH7r,3072:G4GGJsJ74DbwGPMgN67U26x9BA0EiR3PlnKKxFmN+U3AuIMICUc0u7r:9GRJ74DcMT9rFlKKxFIIMIxcH7r
rm_default3.data,rm_default1.data,data,100,3:llF//OslNl0l9UlUln:F/RsCUl,3:llF//OslNl0l9UlUln:F/RsCUl
rm_default3.text,rm_default1.text,text,100,768:Ob49abGkKm3vKS9+a4NJikMhV5LWBvO34nJo4DU:Ob4GGkKeKS9+hNJirVsGOJo4DU,768:Ob49abGkKm3vKS9+a4NJikMhV5LWBvO34nJo4DU:Ob4GGkKeKS9+hNJirVsGOJo4DU
rm_default3.rodata,ls_default3.rodata,rodata,0,96:oWoWCuTISfPDnOMtP3xVHVxQJN0vVTiqboXyXPl:voZgrltvx9VuJN0TiqboiN,384:KS0EsI2NAwKTRF3ibxLj9wUGc3czFCtEKhfB4xNRTiqbo4K:KS0RvN0qbxLj9wUGc3cwBwdiqbo4K
rm_default3,ls_default3,full,0,3072:V4GGJsJ74DbwTPaiaj+KXhAlk1iR3Pj9KlkrCN+U3AuIMICUc0u7r:SGRJ74DcdDlzFj0lkrUIMIxcH7r,12288:0MfSjiteHstbNX+BwCmoFehlZTg8Cog0ItS/kxybS/H:0MfSCBbNuXmFU90a
rm_default3.data,ls_default3.data,data,0,3:llF//OslNl0l9UlUln:F/RsCUl,12:sL4yOXEXsmtm8XMqqAMeEi4W836AjMOUl:s7OXErm8MqqAMeEi4W83d0
rm_default3.text,ls_default3.text,text,0,768:Ob49abGkKm3vKS9+a4NJikMhV5LWBvO34nJo4DU:Ob4GGkKeKS9+hNJirVsGOJo4DU,1536:qva5SrzHf4fG2AFUi5giHzo0rb1beN4cuUM14B+RRJYttFLW:2a8rzHfd2Xi5giHzndbeycuUM1E+Iy
ls_default3_recompile,ls_default1,full,61,12288:0MfSjiteHstbNX+BwCmoFehlZTg8Cog0ItS/kxybS/H:0MfSCBbNuXmFU90a,12288:WMfSjiteHstbNX8pr16juEP2VJTgkCogjueY/kxybS/H:WMfSCBbNsnsSU9j1
ls_default3_recompile.data,ls_default1.data,data,100,12:sL4yOXEXsmtm8XMqqAMeEi4W836AjMOUl:s7OXErm8MqqAMeEi4W83d0,12:sL4yOXEXsmtm8XMqqAMeEi4W836AjMOUl:s7OXErm8MqqAMeEi4W83d0
ls_default3_recompile.text,ls_default1.text,text,100,1536:qva5SrzHf4fG2AFUi5giHzo0rb1beN4cuUM14B+RRJYttFLW:2a8rzHfd2Xi5giHzndbeycuUM1E+Iy,1536:qva5SrzHf4fG2AFUi5giHzo0rb1beN4cuUM14B+RRJYttFLW:2a8rzHfd2Xi5giHzndbeycuUM1E+Iy
ls_default3_recompile.rodata,ls_default1.rodata,rodata,100,384:KS0EsI2NAwKTRF3ibxLj9wUGc3czFCtEKhfB4xNRTiqbo4K:KS0RvN0qbxLj9wUGc3cwBwdiqbo4K,384:KS0EsI2NAwKTRF3ibxLj9wUGc3czFCtEKhfB4xNRTiqbo4K:KS0RvN0qbxLj9wUGc3cwBwdiqbo4K
ls_default3_recompile,ls_default2,full,66,12288:0MfSjiteHstbNX+BwCmoFehlZTg8Cog0ItS/kxybS/H:0MfSCBbNuXmFU90a,12288:6MfSjiteHstbNXcHu5kJZ50XLlTgfCog44tM/kxybS/H:6MfSCBbNsgIK594e
ls_default3_recompile.data,ls_default2.data,data,100,12:sL4yOXEXsmtm8XMqqAMeEi4W836AjMOUl:s7OXErm8MqqAMeEi4W83d0,12:sL4yOXEXsmtm8XMqqAMeEi4W836AjMOUl:s7OXErm8MqqAMeEi4W83d0
ls_default3_recompile.text,ls_default2.text,text,100,1536:qva5SrzHf4fG2AFUi5giHzo0rb1beN4cuUM14B+RRJYttFLW:2a8rzHfd2Xi5giHzndbeycuUM1E+Iy,1536:qva5SrzHf4fG2AFUi5giHzo0rb1beN4cuUM14B+RRJYttFLW:2a8rzHfd2Xi5giHzndbeycuUM1E+Iy
ls_default3_recompile.rodata,ls_default2.rodata,rodata,100,384:KS0EsI2NAwKTRF3ibxLj9wUGc3czFCtEKhfB4xNRTiqbo4K:KS0RvN0qbxLj9wUGc3cwBwdiqbo4K,384:KS0EsI2NAwKTRF3ibxLj9wUGc3czFCtEKhfB4xNRTiqbo4K:KS0RvN0qbxLj9wUGc3cwBwdiqbo4K
ls_default3_recompile,ls_default2_recompile,full,66,12288:0MfSjiteHstbNX+BwCmoFehlZTg8Cog0ItS/kxybS/H:0MfSCBbNuXmFU90a,12288:6MfSjiteHstbNXcHu5kJZ50XLlTgfCog44tM/kxybS/H:6MfSCBbNsgIK594e
ls_default3_recompile.data,ls_default2_recompile.data,data,100,12:sL4yOXEXsmtm8XMqqAMeEi4W836AjMOUl:s7OXErm8MqqAMeEi4W83d0,12:sL4yOXEXsmtm8XMqqAMeEi4W836AjMOUl:s7OXErm8MqqAMeEi4W83d0
ls_default3_recompile.text,ls_default2_recompile.text,text,100,1536:qva5SrzHf4fG2AFUi5giHzo0rb1beN4cuUM14B+RRJYttFLW:2a8rzHfd2Xi5giHzndbeycuUM1E+Iy,1536:qva5SrzHf4fG2AFUi5giHzo0rb1beN4cuUM14B+RRJYttFLW:2a8rzHfd2Xi5giHzndbeycuUM1E+Iy
ls_default3_recompile.rodata,ls_default2_recompile.rodata,rodata,100,384:KS0EsI2NAwKTRF3ibxLj9wUGc3czFCtEKhfB4xNRTiqbo4K:KS0RvN0qbxLj9wUGc3cwBwdiqbo4K,384:KS0EsI2NAwKTRF3ibxLj9wUGc3czFCtEKhfB4xNRTiqbo4K:KS0RvN0qbxLj9wUGc3cwBwdiqbo4K
ls_default3_recompile,rm_default2,full,0,12288:0MfSjiteHstbNX+BwCmoFehlZTg8Cog0ItS/kxybS/H:0MfSCBbNuXmFU90a,3072:S4GGJsJ74DbwNPThq87CepOaH+iR3PanKlkrCN+U3AuIMICUc0u7r:BGRJ74DcDeazFaKlkrUIMIxcH7r
ls_default3_recompile.data,rm_default2.data,data,0,12:sL4yOXEXsmtm8XMqqAMeEi4W836AjMOUl:s7OXErm8MqqAMeEi4W83d0,3:llF//OslNl0l9UlUln:F/RsCUl
ls_default3_recompile.text,rm_default2.text,text,0,1536:qva5SrzHf4fG2AFUi5giHzo0rb1beN4cuUM14B+RRJYttFLW:2a8rzHfd2Xi5giHzndbeycuUM1E+Iy,768:Ob49abGkKm3vKS9+a4NJikMhV5LWBvO34nJo4DU:Ob4GGkKeKS9+hNJirVsGOJo4DU
ls_default3_recompile.rodata,rm_default2.rodata,rodata,0,384:KS0EsI2NAwKTRF3ibxLj9wUGc3czFCtEKhfB4xNRTiqbo4K:KS0RvN0qbxLj9wUGc3cwBwdiqbo4K,96:oWoWCuTISfPDnOMtP3xVHVxQJN0vVTiqboXyXPl:voZgrltvx9VuJN0TiqboiN
ls_default3_recompile,rm_default1,full,0,12288:0MfSjiteHstbNX+BwCmoFehlZTg8Cog0ItS/kxybS/H:0MfSCBbNuXmFU90a,3072:G4GGJsJ74DbwGPMgN67U26x9BA0EiR3PlnKKxFmN+U3AuIMICUc0u7r:9GRJ74DcMT9rFlKKxFIIMIxcH7r
ls_default3_recompile.data,rm_default1.data,data,0,12:sL4yOXEXsmtm8XMqqAMeEi4W836AjMOUl:s7OXErm8MqqAMeEi4W83d0,3:llF//OslNl0l9UlUln:F/RsCUl
ls_default3_recompile.text,rm_default1.text,text,0,1536:qva5SrzHf4fG2AFUi5giHzo0rb1beN4cuUM14B+RRJYttFLW:2a8rzHfd2Xi5giHzndbeycuUM1E+Iy,768:Ob49abGkKm3vKS9+a4NJikMhV5LWBvO34nJo4DU:Ob4GGkKeKS9+hNJirVsGOJo4DU
ls_default3_recompile.rodata,rm_default1.rodata,rodata,0,384:KS0EsI2NAwKTRF3ibxLj9wUGc3czFCtEKhfB4xNRTiqbo4K:KS0RvN0qbxLj9wUGc3cwBwdiqbo4K,96:oWoWCuTISfPDnOMtP3xVHVxQJN0vVTiqboXyXPl:voZgrltvx9VuJN0TiqboiN
ls_default3_recompile,ls_default3,full,100,12288:0MfSjiteHstbNX+BwCmoFehlZTg8Cog0ItS/kxybS/H:0MfSCBbNuXmFU90a,12288:0MfSjiteHstbNX+BwCmoFehlZTg8Cog0ItS/kxybS/H:0MfSCBbNuXmFU90a
ls_default3_recompile.data,ls_default3.data,data,100,12:sL4yOXEXsmtm8XMqqAMeEi4W836AjMOUl:s7OXErm8MqqAMeEi4W83d0,12:sL4yOXEXsmtm8XMqqAMeEi4W836AjMOUl:s7OXErm8MqqAMeEi4W83d0
ls_default3_recompile.text,ls_default3.text,text,100,1536:qva5SrzHf4fG2AFUi5giHzo0rb1beN4cuUM14B+RRJYttFLW:2a8rzHfd2Xi5giHzndbeycuUM1E+Iy,1536:qva5SrzHf4fG2AFUi5giHzo0rb1beN4cuUM14B+RRJYttFLW:2a8rzHfd2Xi5giHzndbeycuUM1E+Iy
ls_default3_recompile.rodata,ls_default3.rodata,rodata,100,384:KS0EsI2NAwKTRF3ibxLj9wUGc3czFCtEKhfB4xNRTiqbo4K:KS0RvN0qbxLj9wUGc3cwBwdiqbo4K,384:KS0EsI2NAwKTRF3ibxLj9wUGc3czFCtEKhfB4xNRTiqbo4K:KS0RvN0qbxLj9wUGc3cwBwdiqbo4K
ls_default1.rodata,ls_default2.rodata,rodata,100,384:KS0EsI2NAwKTRF3ibxLj9wUGc3czFCtEKhfB4xNRTiqbo4K:KS0RvN0qbxLj9wUGc3cwBwdiqbo4K,384:KS0EsI2NAwKTRF3ibxLj9wUGc3czFCtEKhfB4xNRTiqbo4K:KS0RvN0qbxLj9wUGc3cwBwdiqbo4K
ls_default1,ls_default2,full,65,12288:WMfSjiteHstbNX8pr16juEP2VJTgkCogjueY/kxybS/H:WMfSCBbNsnsSU9j1,12288:6MfSjiteHstbNXcHu5kJZ50XLlTgfCog44tM/kxybS/H:6MfSCBbNsgIK594e
ls_default1.text,ls_default2.text,text,100,1536:qva5SrzHf4fG2AFUi5giHzo0rb1beN4cuUM14B+RRJYttFLW:2a8rzHfd2Xi5giHzndbeycuUM1E+Iy,1536:qva5SrzHf4fG2AFUi5giHzo0rb1beN4cuUM14B+RRJYttFLW:2a8rzHfd2Xi5giHzndbeycuUM1E+Iy
ls_default1.data,ls_default2.data,data,100,12:sL4yOXEXsmtm8XMqqAMeEi4W836AjMOUl:s7OXErm8MqqAMeEi4W83d0,12:sL4yOXEXsmtm8XMqqAMeEi4W836AjMOUl:s7OXErm8MqqAMeEi4W83d0
ls_default1.rodata,ls_default2_recompile.rodata,rodata,100,384:KS0EsI2NAwKTRF3ibxLj9wUGc3czFCtEKhfB4xNRTiqbo4K:KS0RvN0qbxLj9wUGc3cwBwdiqbo4K,384:KS0EsI2NAwKTRF3ibxLj9wUGc3czFCtEKhfB4xNRTiqbo4K:KS0RvN0qbxLj9wUGc3cwBwdiqbo4K
ls_default1,ls_default2_recompile,full,65,12288:WMfSjiteHstbNX8pr16juEP2VJTgkCogjueY/kxybS/H:WMfSCBbNsnsSU9j1,12288:6MfSjiteHstbNXcHu5kJZ50XLlTgfCog44tM/kxybS/H:6MfSCBbNsgIK594e
ls_default1.text,ls_default2_recompile.text,text,100,1536:qva5SrzHf4fG2AFUi5giHzo0rb1beN4cuUM14B+RRJYttFLW:2a8rzHfd2Xi5giHzndbeycuUM1E+Iy,1536:qva5SrzHf4fG2AFUi5giHzo0rb1beN4cuUM14B+RRJYttFLW:2a8rzHfd2Xi5giHzndbeycuUM1E+Iy
ls_default1.data,ls_default2_recompile.data,data,100,12:sL4yOXEXsmtm8XMqqAMeEi4W836AjMOUl:s7OXErm8MqqAMeEi4W83d0,12:sL4yOXEXsmtm8XMqqAMeEi4W836AjMOUl:s7OXErm8MqqAMeEi4W83d0
ls_default1.rodata,rm_default2.rodata,rodata,0,384:KS0EsI2NAwKTRF3ibxLj9wUGc3czFCtEKhfB4xNRTiqbo4K:KS0RvN0qbxLj9wUGc3cwBwdiqbo4K,96:oWoWCuTISfPDnOMtP3xVHVxQJN0vVTiqboXyXPl:voZgrltvx9VuJN0TiqboiN
ls_default1,rm_default2,full,0,12288:WMfSjiteHstbNX8pr16juEP2VJTgkCogjueY/kxybS/H:WMfSCBbNsnsSU9j1,3072:S4GGJsJ74DbwNPThq87CepOaH+iR3PanKlkrCN+U3AuIMICUc0u7r:BGRJ74DcDeazFaKlkrUIMIxcH7r
ls_default1.text,rm_default2.text,text,0,1536:qva5SrzHf4fG2AFUi5giHzo0rb1beN4cuUM14B+RRJYttFLW:2a8rzHfd2Xi5giHzndbeycuUM1E+Iy,768:Ob49abGkKm3vKS9+a4NJikMhV5LWBvO34nJo4DU:Ob4GGkKeKS9+hNJirVsGOJo4DU
ls_default1.data,rm_default2.data,data,0,12:sL4yOXEXsmtm8XMqqAMeEi4W836AjMOUl:s7OXErm8MqqAMeEi4W83d0,3:llF//OslNl0l9UlUln:F/RsCUl
ls_default1.rodata,rm_default1.rodata,rodata,0,384:KS0EsI2NAwKTRF3ibxLj9wUGc3czFCtEKhfB4xNRTiqbo4K:KS0RvN0qbxLj9wUGc3cwBwdiqbo4K,96:oWoWCuTISfPDnOMtP3xVHVxQJN0vVTiqboXyXPl:voZgrltvx9VuJN0TiqboiN
ls_default1,rm_default1,full,0,12288:WMfSjiteHstbNX8pr16juEP2VJTgkCogjueY/kxybS/H:WMfSCBbNsnsSU9j1,3072:G4GGJsJ74DbwGPMgN67U26x9BA0EiR3PlnKKxFmN+U3AuIMICUc0u7r:9GRJ74DcMT9rFlKKxFIIMIxcH7r
ls_default1.text,rm_default1.text,text,0,1536:qva5SrzHf4fG2AFUi5giHzo0rb1beN4cuUM14B+RRJYttFLW:2a8rzHfd2Xi5giHzndbeycuUM1E+Iy,768:Ob49abGkKm3vKS9+a4NJikMhV5LWBvO34nJo4DU:Ob4GGkKeKS9+hNJirVsGOJo4DU
ls_default1.data,rm_default1.data,data,0,12:sL4yOXEXsmtm8XMqqAMeEi4W836AjMOUl:s7OXErm8MqqAMeEi4W83d0,3:llF//OslNl0l9UlUln:F/RsCUl
ls_default1.rodata,ls_default3.rodata,rodata,100,384:KS0EsI2NAwKTRF3ibxLj9wUGc3czFCtEKhfB4xNRTiqbo4K:KS0RvN0qbxLj9wUGc3cwBwdiqbo4K,384:KS0EsI2NAwKTRF3ibxLj9wUGc3czFCtEKhfB4xNRTiqbo4K:KS0RvN0qbxLj9wUGc3cwBwdiqbo4K
ls_default1,ls_default3,full,61,12288:WMfSjiteHstbNX8pr16juEP2VJTgkCogjueY/kxybS/H:WMfSCBbNsnsSU9j1,12288:0MfSjiteHstbNX+BwCmoFehlZTg8Cog0ItS/kxybS/H:0MfSCBbNuXmFU90a
ls_default1.text,ls_default3.text,text,100,1536:qva5SrzHf4fG2AFUi5giHzo0rb1beN4cuUM14B+RRJYttFLW:2a8rzHfd2Xi5giHzndbeycuUM1E+Iy,1536:qva5SrzHf4fG2AFUi5giHzo0rb1beN4cuUM14B+RRJYttFLW:2a8rzHfd2Xi5giHzndbeycuUM1E+Iy
ls_default1.data,ls_default3.data,data,100,12:sL4yOXEXsmtm8XMqqAMeEi4W836AjMOUl:s7OXErm8MqqAMeEi4W83d0,12:sL4yOXEXsmtm8XMqqAMeEi4W836AjMOUl:s7OXErm8MqqAMeEi4W83d0
ls_default2.text,ls_default2_recompile.text,text,100,1536:qva5SrzHf4fG2AFUi5giHzo0rb1beN4cuUM14B+RRJYttFLW:2a8rzHfd2Xi5giHzndbeycuUM1E+Iy,1536:qva5SrzHf4fG2AFUi5giHzo0rb1beN4cuUM14B+RRJYttFLW:2a8rzHfd2Xi5giHzndbeycuUM1E+Iy
ls_default2.rodata,ls_default2_recompile.rodata,rodata,100,384:KS0EsI2NAwKTRF3ibxLj9wUGc3czFCtEKhfB4xNRTiqbo4K:KS0RvN0qbxLj9wUGc3cwBwdiqbo4K,384:KS0EsI2NAwKTRF3ibxLj9wUGc3czFCtEKhfB4xNRTiqbo4K:KS0RvN0qbxLj9wUGc3cwBwdiqbo4K
ls_default2,ls_default2_recompile,full,100,12288:6MfSjiteHstbNXcHu5kJZ50XLlTgfCog44tM/kxybS/H:6MfSCBbNsgIK594e,12288:6MfSjiteHstbNXcHu5kJZ50XLlTgfCog44tM/kxybS/H:6MfSCBbNsgIK594e
ls_default2.data,ls_default2_recompile.data,data,100,12:sL4yOXEXsmtm8XMqqAMeEi4W836AjMOUl:s7OXErm8MqqAMeEi4W83d0,12:sL4yOXEXsmtm8XMqqAMeEi4W836AjMOUl:s7OXErm8MqqAMeEi4W83d0
ls_default2.text,rm_default2.text,text,0,1536:qva5SrzHf4fG2AFUi5giHzo0rb1beN4cuUM14B+RRJYttFLW:2a8rzHfd2Xi5giHzndbeycuUM1E+Iy,768:Ob49abGkKm3vKS9+a4NJikMhV5LWBvO34nJo4DU:Ob4GGkKeKS9+hNJirVsGOJo4DU
ls_default2.rodata,rm_default2.rodata,rodata,0,384:KS0EsI2NAwKTRF3ibxLj9wUGc3czFCtEKhfB4xNRTiqbo4K:KS0RvN0qbxLj9wUGc3cwBwdiqbo4K,96:oWoWCuTISfPDnOMtP3xVHVxQJN0vVTiqboXyXPl:voZgrltvx9VuJN0TiqboiN
ls_default2,rm_default2,full,0,12288:6MfSjiteHstbNXcHu5kJZ50XLlTgfCog44tM/kxybS/H:6MfSCBbNsgIK594e,3072:S4GGJsJ74DbwNPThq87CepOaH+iR3PanKlkrCN+U3AuIMICUc0u7r:BGRJ74DcDeazFaKlkrUIMIxcH7r
ls_default2.data,rm_default2.data,data,0,12:sL4yOXEXsmtm8XMqqAMeEi4W836AjMOUl:s7OXErm8MqqAMeEi4W83d0,3:llF//OslNl0l9UlUln:F/RsCUl
ls_default2.text,rm_default1.text,text,0,1536:qva5SrzHf4fG2AFUi5giHzo0rb1beN4cuUM14B+RRJYttFLW:2a8rzHfd2Xi5giHzndbeycuUM1E+Iy,768:Ob49abGkKm3vKS9+a4NJikMhV5LWBvO34nJo4DU:Ob4GGkKeKS9+hNJirVsGOJo4DU
ls_default2.rodata,rm_default1.rodata,rodata,0,384:KS0EsI2NAwKTRF3ibxLj9wUGc3czFCtEKhfB4xNRTiqbo4K:KS0RvN0qbxLj9wUGc3cwBwdiqbo4K,96:oWoWCuTISfPDnOMtP3xVHVxQJN0vVTiqboXyXPl:voZgrltvx9VuJN0TiqboiN
ls_default2,rm_default1,full,0,12288:6MfSjiteHstbNXcHu5kJZ50XLlTgfCog44tM/kxybS/H:6MfSCBbNsgIK594e,3072:G4GGJsJ74DbwGPMgN67U26x9BA0EiR3PlnKKxFmN+U3AuIMICUc0u7r:9GRJ74DcMT9rFlKKxFIIMIxcH7r
ls_default2.data,rm_default1.data,data,0,12:sL4yOXEXsmtm8XMqqAMeEi4W836AjMOUl:s7OXErm8MqqAMeEi4W83d0,3:llF//OslNl0l9UlUln:F/RsCUl
ls_default2.text,ls_default3.text,text,100,1536:qva5SrzHf4fG2AFUi5giHzo0rb1beN4cuUM14B+RRJYttFLW:2a8rzHfd2Xi5giHzndbeycuUM1E+Iy,1536:qva5SrzHf4fG2AFUi5giHzo0rb1beN4cuUM14B+RRJYttFLW:2a8rzHfd2Xi5giHzndbeycuUM1E+Iy
ls_default2.rodata,ls_default3.rodata,rodata,100,384:KS0EsI2NAwKTRF3ibxLj9wUGc3czFCtEKhfB4xNRTiqbo4K:KS0RvN0qbxLj9wUGc3cwBwdiqbo4K,384:KS0EsI2NAwKTRF3ibxLj9wUGc3czFCtEKhfB4xNRTiqbo4K:KS0RvN0qbxLj9wUGc3cwBwdiqbo4K
ls_default2,ls_default3,full,66,12288:6MfSjiteHstbNXcHu5kJZ50XLlTgfCog44tM/kxybS/H:6MfSCBbNsgIK594e,12288:0MfSjiteHstbNX+BwCmoFehlZTg8Cog0ItS/kxybS/H:0MfSCBbNuXmFU90a
ls_default2.data,ls_default3.data,data,100,12:sL4yOXEXsmtm8XMqqAMeEi4W836AjMOUl:s7OXErm8MqqAMeEi4W83d0,12:sL4yOXEXsmtm8XMqqAMeEi4W836AjMOUl:s7OXErm8MqqAMeEi4W83d0
ls_default2_recompile.rodata,rm_default2.rodata,rodata,0,384:KS0EsI2NAwKTRF3ibxLj9wUGc3czFCtEKhfB4xNRTiqbo4K:KS0RvN0qbxLj9wUGc3cwBwdiqbo4K,96:oWoWCuTISfPDnOMtP3xVHVxQJN0vVTiqboXyXPl:voZgrltvx9VuJN0TiqboiN
ls_default2_recompile.text,rm_default2.text,text,0,1536:qva5SrzHf4fG2AFUi5giHzo0rb1beN4cuUM14B+RRJYttFLW:2a8rzHfd2Xi5giHzndbeycuUM1E+Iy,768:Ob49abGkKm3vKS9+a4NJikMhV5LWBvO34nJo4DU:Ob4GGkKeKS9+hNJirVsGOJo4DU
ls_default2_recompile,rm_default2,full,0,12288:6MfSjiteHstbNXcHu5kJZ50XLlTgfCog44tM/kxybS/H:6MfSCBbNsgIK594e,3072:S4GGJsJ74DbwNPThq87CepOaH+iR3PanKlkrCN+U3AuIMICUc0u7r:BGRJ74DcDeazFaKlkrUIMIxcH7r
ls_default2_recompile.data,rm_default2.data,data,0,12:sL4yOXEXsmtm8XMqqAMeEi4W836AjMOUl:s7OXErm8MqqAMeEi4W83d0,3:llF//OslNl0l9UlUln:F/RsCUl
ls_default2_recompile.rodata,rm_default1.rodata,rodata,0,384:KS0EsI2NAwKTRF3ibxLj9wUGc3czFCtEKhfB4xNRTiqbo4K:KS0RvN0qbxLj9wUGc3cwBwdiqbo4K,96:oWoWCuTISfPDnOMtP3xVHVxQJN0vVTiqboXyXPl:voZgrltvx9VuJN0TiqboiN
ls_default2_recompile.text,rm_default1.text,text,0,1536:qva5SrzHf4fG2AFUi5giHzo0rb1beN4cuUM14B+RRJYttFLW:2a8rzHfd2Xi5giHzndbeycuUM1E+Iy,768:Ob49abGkKm3vKS9+a4NJikMhV5LWBvO34nJo4DU:Ob4GGkKeKS9+hNJirVsGOJo4DU
ls_default2_recompile,rm_default1,full,0,12288:6MfSjiteHstbNXcHu5kJZ50XLlTgfCog44tM/kxybS/H:6MfSCBbNsgIK594e,3072:G4GGJsJ74DbwGPMgN67U26x9BA0EiR3PlnKKxFmN+U3AuIMICUc0u7r:9GRJ74DcMT9rFlKKxFIIMIxcH7r
ls_default2_recompile.data,rm_default1.data,data,0,12:sL4yOXEXsmtm8XMqqAMeEi4W836AjMOUl:s7OXErm8MqqAMeEi4W83d0,3:llF//OslNl0l9UlUln:F/RsCUl
ls_default2_recompile.rodata,ls_default3.rodata,rodata,100,384:KS0EsI2NAwKTRF3ibxLj9wUGc3czFCtEKhfB4xNRTiqbo4K:KS0RvN0qbxLj9wUGc3cwBwdiqbo4K,384:KS0EsI2NAwKTRF3ibxLj9wUGc3czFCtEKhfB4xNRTiqbo4K:KS0RvN0qbxLj9wUGc3cwBwdiqbo4K
ls_default2_recompile.text,ls_default3.text,text,100,1536:qva5SrzHf4fG2AFUi5giHzo0rb1beN4cuUM14B+RRJYttFLW:2a8rzHfd2Xi5giHzndbeycuUM1E+Iy,1536:qva5SrzHf4fG2AFUi5giHzo0rb1beN4cuUM14B+RRJYttFLW:2a8rzHfd2Xi5giHzndbeycuUM1E+Iy
ls_default2_recompile,ls_default3,full,66,12288:6MfSjiteHstbNXcHu5kJZ50XLlTgfCog44tM/kxybS/H:6MfSCBbNsgIK594e,12288:0MfSjiteHstbNX+BwCmoFehlZTg8Cog0ItS/kxybS/H:0MfSCBbNuXmFU90a
ls_default2_recompile.data,ls_default3.data,data,100,12:sL4yOXEXsmtm8XMqqAMeEi4W836AjMOUl:s7OXErm8MqqAMeEi4W83d0,12:sL4yOXEXsmtm8XMqqAMeEi4W836AjMOUl:s7OXErm8MqqAMeEi4W83d0
rm_default2.rodata,rm_default1.rodata,rodata,100,96:oWoWCuTISfPDnOMtP3xVHVxQJN0vVTiqboXyXPl:voZgrltvx9VuJN0TiqboiN,96:oWoWCuTISfPDnOMtP3xVHVxQJN0vVTiqboXyXPl:voZgrltvx9VuJN0TiqboiN
rm_default2.data,rm_default1.data,data,100,3:llF//OslNl0l9UlUln:F/RsCUl,3:llF//OslNl0l9UlUln:F/RsCUl
rm_default2.text,rm_default1.text,text,100,768:Ob49abGkKm3vKS9+a4NJikMhV5LWBvO34nJo4DU:Ob4GGkKeKS9+hNJirVsGOJo4DU,768:Ob49abGkKm3vKS9+a4NJikMhV5LWBvO34nJo4DU:Ob4GGkKeKS9+hNJirVsGOJo4DU
rm_default2,rm_default1,full,66,3072:S4GGJsJ74DbwNPThq87CepOaH+iR3PanKlkrCN+U3AuIMICUc0u7r:BGRJ74DcDeazFaKlkrUIMIxcH7r,3072:G4GGJsJ74DbwGPMgN67U26x9BA0EiR3PlnKKxFmN+U3AuIMICUc0u7r:9GRJ74DcMT9rFlKKxFIIMIxcH7r
rm_default2.rodata,ls_default3.rodata,rodata,0,96:oWoWCuTISfPDnOMtP3xVHVxQJN0vVTiqboXyXPl:voZgrltvx9VuJN0TiqboiN,384:KS0EsI2NAwKTRF3ibxLj9wUGc3czFCtEKhfB4xNRTiqbo4K:KS0RvN0qbxLj9wUGc3cwBwdiqbo4K
rm_default2.data,ls_default3.data,data,0,3:llF//OslNl0l9UlUln:F/RsCUl,12:sL4yOXEXsmtm8XMqqAMeEi4W836AjMOUl:s7OXErm8MqqAMeEi4W83d0
rm_default2.text,ls_default3.text,text,0,768:Ob49abGkKm3vKS9+a4NJikMhV5LWBvO34nJo4DU:Ob4GGkKeKS9+hNJirVsGOJo4DU,1536:qva5SrzHf4fG2AFUi5giHzo0rb1beN4cuUM14B+RRJYttFLW:2a8rzHfd2Xi5giHzndbeycuUM1E+Iy
rm_default2,ls_default3,full,0,3072:S4GGJsJ74DbwNPThq87CepOaH+iR3PanKlkrCN+U3AuIMICUc0u7r:BGRJ74DcDeazFaKlkrUIMIxcH7r,12288:0MfSjiteHstbNX+BwCmoFehlZTg8Cog0ItS/kxybS/H:0MfSCBbNuXmFU90a
rm_default1.text,ls_default3.text,text,0,768:Ob49abGkKm3vKS9+a4NJikMhV5LWBvO34nJo4DU:Ob4GGkKeKS9+hNJirVsGOJo4DU,1536:qva5SrzHf4fG2AFUi5giHzo0rb1beN4cuUM14B+RRJYttFLW:2a8rzHfd2Xi5giHzndbeycuUM1E+Iy
rm_default1.data,ls_default3.data,data,0,3:llF//OslNl0l9UlUln:F/RsCUl,12:sL4yOXEXsmtm8XMqqAMeEi4W836AjMOUl:s7OXErm8MqqAMeEi4W83d0
rm_default1.rodata,ls_default3.rodata,rodata,0,96:oWoWCuTISfPDnOMtP3xVHVxQJN0vVTiqboXyXPl:voZgrltvx9VuJN0TiqboiN,384:KS0EsI2NAwKTRF3ibxLj9wUGc3czFCtEKhfB4xNRTiqbo4K:KS0RvN0qbxLj9wUGc3cwBwdiqbo4K
rm_default1,ls_default3,full,0,3072:G4GGJsJ74DbwGPMgN67U26x9BA0EiR3PlnKKxFmN+U3AuIMICUc0u7r:9GRJ74DcMT9rFlKKxFIIMIxcH7r,12288:0MfSjiteHstbNX+BwCmoFehlZTg8Cog0ItS/kxybS/H:0MfSCBbNuXmFU90a
